{"cameraMode":{"drawMode":0,"name":"Shaded","section":"Shading Mode"},"sceneLighting":false,"audioPlay":false,"sceneViewState":{"showFog":true,"showMaterialUpdate":true,"showSkybox":false,"showFlares":true,"showImageEffects":true,"showParticleSystems":true},"in2DMode":false,"pivot":{"x":-0.15631726384162904,"y":-0.34667959809303286,"z":1.3568933010101319},"rotation":{"x":-0.13785406947135926,"y":0.015447520650923252,"z":-0.002155365888029337,"w":-0.9903442859649658},"size":2.8578836917877199,"orthographic":false}