{"cameraMode":{"drawMode":0,"name":"Shaded","section":"Shading Mode"},"sceneLighting":true,"audioPlay":false,"sceneViewState":{"showFog":true,"showMaterialUpdate":true,"showSkybox":true,"showFlares":true,"showImageEffects":true,"showParticleSystems":true},"in2DMode":false,"pivot":{"x":423.4351806640625,"y":244.81005859375,"z":-131.82240295410157},"rotation":{"x":-0.1511346846818924,"y":0.03468744829297066,"z":-0.005306142382323742,"w":-0.9878949522972107},"size":459.4561462402344,"orthographic":false}