{"cameraMode":{"drawMode":0,"name":"Shaded","section":"Shading Mode"},"sceneLighting":false,"audioPlay":false,"sceneViewState":{"showFog":true,"showMaterialUpdate":true,"showSkybox":false,"showFlares":true,"showImageEffects":true,"showParticleSystems":true},"in2DMode":false,"pivot":{"x":0.865018367767334,"y":-0.5327568650245667,"z":0.736463189125061},"rotation":{"x":-0.14119397103786469,"y":-0.12474603205919266,"z":0.01791868545114994,"w":-0.9819361567497253},"size":1.9578838348388672,"orthographic":false}