{"cameraMode":{"drawMode":0,"name":"Shaded","section":"Shading Mode"},"sceneLighting":false,"audioPlay":false,"sceneViewState":{"showFog":true,"showMaterialUpdate":true,"showSkybox":false,"showFlares":true,"showImageEffects":true,"showParticleSystems":true},"in2DMode":false,"pivot":{"x":-14.470553398132325,"y":-5.236565589904785,"z":6.100693225860596},"rotation":{"x":-0.23384876549243928,"y":0.3389444649219513,"z":-0.08738774806261063,"w":-0.9070901274681091},"size":9.967202186584473,"orthographic":false}