{"cameraMode":{"drawMode":0,"name":"Shaded","section":"Shading Mode"},"sceneLighting":true,"audioPlay":false,"sceneViewState":{"showFog":true,"showMaterialUpdate":true,"showSkybox":true,"showFlares":true,"showImageEffects":true,"showParticleSystems":true},"in2DMode":false,"pivot":{"x":7.813654899597168,"y":-0.2230682373046875,"z":-0.28038597106933596},"rotation":{"x":-0.24497456848621369,"y":0.04854680970311165,"z":-0.01228261087089777,"w":-0.9682395458221436},"size":22.0,"orthographic":false}