{"cameraMode":{"drawMode":0,"name":"Shaded","section":"Shading Mode"},"sceneLighting":true,"audioPlay":false,"sceneViewState":{"showFog":true,"showMaterialUpdate":true,"showSkybox":true,"showFlares":true,"showImageEffects":true,"showParticleSystems":true},"in2DMode":false,"pivot":{"x":9.31923770904541,"y":0.6526594161987305,"z":0.7922935485839844},"rotation":{"x":-0.10792334377765656,"y":0.17266571521759034,"z":-0.019036974757909776,"w":-0.9788666367530823},"size":34.16532897949219,"orthographic":false}