{"cameraMode":{"drawMode":0,"name":"Shaded","section":"Shading Mode"},"sceneLighting":false,"audioPlay":false,"sceneViewState":{"showFog":true,"showMaterialUpdate":true,"showSkybox":false,"showFlares":true,"showImageEffects":true,"showParticleSystems":true},"in2DMode":false,"pivot":{"x":-10.816732406616211,"y":0.5699999332427979,"z":0.0},"rotation":{"x":-0.004809492267668247,"y":0.008097203448414803,"z":-0.00004180067480774596,"w":-0.9999682307243347},"size":38.33424377441406,"orthographic":false}