{"cameraMode":{"drawMode":0,"name":"Shaded","section":"Shading Mode"},"sceneLighting":true,"audioPlay":false,"sceneViewState":{"showFog":true,"showMaterialUpdate":true,"showSkybox":true,"showFlares":true,"showImageEffects":true,"showParticleSystems":true},"in2DMode":false,"pivot":{"x":23.59000015258789,"y":0.3199999928474426,"z":1.340000033378601},"rotation":{"x":-0.07784229516983032,"y":0.09912825375795365,"z":-0.007778759114444256,"w":-0.9919963479042053},"size":22.0,"orthographic":false}