{"cameraMode":{"drawMode":0,"name":"Shaded","section":"Shading Mode"},"sceneLighting":false,"audioPlay":false,"sceneViewState":{"showFog":true,"showMaterialUpdate":true,"showSkybox":false,"showFlares":true,"showImageEffects":true,"showParticleSystems":true},"in2DMode":false,"pivot":{"x":0.6999998092651367,"y":-0.23999977111816407,"z":0.0},"rotation":{"x":-0.12888842821121217,"y":-0.030639726668596269,"z":0.003984245005995035,"w":-0.9911790490150452},"size":46.75582504272461,"orthographic":false}