{"cameraMode":{"drawMode":0,"name":"Shaded","section":"Shading Mode"},"sceneLighting":true,"audioPlay":false,"sceneViewState":{"showFog":true,"showMaterialUpdate":true,"showSkybox":true,"showFlares":true,"showImageEffects":true,"showParticleSystems":true},"in2DMode":false,"pivot":{"x":-10.514806747436524,"y":0.7088351249694824,"z":0.0},"rotation":{"x":-0.06766826659440994,"y":0.051456231623888019,"z":-0.0034981253556907179,"w":-0.996387779712677},"size":26.644317626953126,"orthographic":false}