{"cameraMode":{"drawMode":0,"name":"Shaded","section":"Shading Mode"},"sceneLighting":false,"audioPlay":false,"sceneViewState":{"showFog":true,"showMaterialUpdate":true,"showSkybox":false,"showFlares":true,"showImageEffects":true,"showParticleSystems":true},"in2DMode":false,"pivot":{"x":24.422170639038087,"y":-4.768019676208496,"z":15.569671630859375},"rotation":{"x":-0.1466519683599472,"y":-0.04094264283776283,"z":0.006075397599488497,"w":-0.9883225560188294},"size":22.0,"orthographic":false}