{"cameraMode":{"drawMode":0,"name":"Shaded","section":"Shading Mode"},"sceneLighting":false,"audioPlay":false,"sceneViewState":{"showFog":true,"showMaterialUpdate":true,"showSkybox":false,"showFlares":true,"showImageEffects":true,"showParticleSystems":true},"in2DMode":false,"pivot":{"x":0.7000000476837158,"y":-0.24000000953674317,"z":0.0},"rotation":{"x":-0.07784229516983032,"y":0.09912825375795365,"z":-0.007778759114444256,"w":-0.9919963479042053},"size":15.585273742675782,"orthographic":false}