{"cameraMode":{"drawMode":0,"name":"Shaded","section":"Shading Mode"},"sceneLighting":true,"audioPlay":false,"sceneViewState":{"showFog":true,"showMaterialUpdate":true,"showSkybox":true,"showFlares":true,"showImageEffects":true,"showParticleSystems":true},"in2DMode":false,"pivot":{"x":611.6542358398438,"y":384.1419372558594,"z":78.40692138671875},"rotation":{"x":-0.25975650548934939,"y":-0.01680375263094902,"z":0.004520954564213753,"w":-0.9655219316482544},"size":860.5497436523438,"orthographic":false}