{"cameraMode":{"drawMode":0,"name":"Shaded","section":"Shading Mode"},"sceneLighting":false,"audioPlay":false,"sceneViewState":{"showFog":true,"showMaterialUpdate":true,"showSkybox":false,"showFlares":true,"showImageEffects":true,"showParticleSystems":true},"in2DMode":false,"pivot":{"x":1.2630000114440919,"y":-0.24199999868869782,"z":0.0},"rotation":{"x":-0.06766826659440994,"y":0.051456231623888019,"z":-0.0034981253556907179,"w":-0.996387779712677},"size":1.1142082214355469,"orthographic":false}