{"cameraMode":{"drawMode":0,"name":"Shaded","section":"Shading Mode"},"sceneLighting":false,"audioPlay":false,"sceneViewState":{"showFog":true,"showMaterialUpdate":true,"showSkybox":false,"showFlares":true,"showImageEffects":true,"showParticleSystems":true},"in2DMode":false,"pivot":{"x":23.59000015258789,"y":0.3200000524520874,"z":1.340000033378601},"rotation":{"x":-0.12757034599781037,"y":-0.14466245472431184,"z":0.018811384215950967,"w":-0.9810432195663452},"size":15.269547462463379,"orthographic":false}