{"cameraMode":{"drawMode":0,"name":"Shaded","section":"Shading Mode"},"sceneLighting":true,"audioPlay":false,"sceneViewState":{"showFog":true,"showMaterialUpdate":true,"showSkybox":true,"showFlares":true,"showImageEffects":true,"showParticleSystems":true},"in2DMode":false,"pivot":{"x":-23.56962776184082,"y":-0.3285341262817383,"z":-1.0271955728530884},"rotation":{"x":-0.0959630087018013,"y":0.2501356899738312,"z":-0.02492643892765045,"w":-0.9631298184394836},"size":8.674392700195313,"orthographic":false}