{"cameraMode":{"drawMode":0,"name":"Shaded","section":"Shading Mode"},"sceneLighting":false,"audioPlay":false,"sceneViewState":{"showFog":true,"showMaterialUpdate":true,"showSkybox":false,"showFlares":true,"showImageEffects":true,"showParticleSystems":true},"in2DMode":false,"pivot":{"x":700.6405029296875,"y":227.25997924804688,"z":11.998046875},"rotation":{"x":-0.2097100019454956,"y":0.1335713267326355,"z":-0.02893214114010334,"w":-0.9681671261787415},"size":975.3724365234375,"orthographic":false}