{"cameraMode":{"drawMode":0,"name":"Shaded","section":"Shading Mode"},"sceneLighting":false,"audioPlay":false,"sceneViewState":{"showFog":true,"showMaterialUpdate":true,"showSkybox":false,"showFlares":true,"showImageEffects":true,"showParticleSystems":true},"in2DMode":false,"pivot":{"x":0.9689229726791382,"y":0.10262447595596314,"z":-1.2757598161697388},"rotation":{"x":-0.08564592897891998,"y":0.03699230030179024,"z":-0.0032008839771151544,"w":-0.9956429600715637},"size":21.101642608642579,"orthographic":false}