{"cameraMode":{"drawMode":0,"name":"Shaded","section":"Shading Mode"},"sceneLighting":true,"audioPlay":false,"sceneViewState":{"showFog":true,"showMaterialUpdate":true,"showSkybox":true,"showFlares":true,"showImageEffects":true,"showParticleSystems":true},"in2DMode":false,"pivot":{"x":-4.735907554626465,"y":-0.31106460094451907,"z":14.078157424926758},"rotation":{"x":-0.036201730370521548,"y":-0.07428501546382904,"z":0.0026973821222782137,"w":-0.9965818524360657},"size":22.0,"orthographic":false}