{"cameraMode":{"drawMode":0,"name":"Shaded","section":"Shading Mode"},"sceneLighting":false,"audioPlay":false,"sceneViewState":{"showFog":true,"showMaterialUpdate":true,"showSkybox":false,"showFlares":true,"showImageEffects":true,"showParticleSystems":true},"in2DMode":false,"pivot":{"x":-2.845355987548828,"y":0.311217725276947,"z":-0.5120487213134766},"rotation":{"x":0.02353166975080967,"y":0.11580704152584076,"z":0.0027244098018854858,"w":-0.9930133819580078},"size":22.0,"orthographic":false}